ID;IDPERSONA;DIRECCION;COMUNA
1;1;Apdo.:290-9103 Urna. Avda.;Lampa
2;2;Apartado núm.: 176, 9566 Donec Carretera;Lampa
3;3;2478 Elit Av.;Lampa
4;4;4001 Ullamcorper. Avda.;Lampa
5;5;Apartado núm.: 271, 9434 Curabitur Avda.;Lampa
6;6;Apdo.:952-9364 Scelerisque Carretera;Lampa
7;7;8446 Magnis C/;Lampa
8;8;Apdo.:913-9840 Risus. Avda.;Lampa
9;9;1258 Ultrices. Calle;Lampa
10;10;Apartado núm.: 151, 8488 Nulla ;Lampa
11;11;816-9926 Gravida C/;Quilicura
12;12;7210 Non Calle;Quilicura
13;13;Apartado núm.: 985, 9660 Mus. Ctra.;Quilicura
14;14;7818 Mollis Avenida;Quilicura
15;15;Apdo.:335-3156 Quisque Av.;Quilicura
16;16;832-1624 Mauris Calle;Santiago
17;17;Apdo.:585-5137 Enim Calle;Santiago
18;18;Apartado núm.: 828, 1441 Et Avenida;Santiago
19;19;Apdo.:709-7510 A Av.;Batuco
20;20;Apdo.:820-7520 Diam Avda.;Batuco
21;21;Apartado núm.: 649, 9070 Curabitur Calle;Batuco
22;22;Apartado núm.: 881, 2946 Vehicula Avda.;Batuco
23;23;3453 Mauris C.;Batuco
24;24;Apdo.:828-2291 Parturient Ctra.;Batuco
25;25;Apartado núm.: 987, 6263 Eros. Avenida;Batuco
26;26;3436 Duis C.;Batuco
27;27;705-2114 Dolor. Calle;Batuco
28;28;Apartado núm.: 618, 4141 Lobortis C/;Las Condes
29;29;931-7615 Tortor C/;Las Condes
30;30;5220 Magnis Carretera;Las Condes
31;31;Apdo.:978-8781 Ac C/;Las Condes
32;32;Apdo.:153-3496 Lorem Avda.;Las Condes
33;33;Apartado núm.: 943, 6968 Phasellus Avenida;Las Condes
34;34;Apdo.:972-4603 Dis Avda.;Las Condes
35;35;Apartado núm.: 372, 4498 Libero. Carretera;Las Condes
36;36;563-2099 Magna. C.;Las Condes
37;37;2466 Rutrum C.;Las Condes
38;38;Apdo.:806-7289 Ullamcorper. Ctra.;Las Condes
39;39;7567 Convallis C.;La Reina
40;40;780-661 Suscipit Ctra.;La Reina
41;41;4975 Diam. ;La Reina
42;42;Apdo.:741-4573 Sed Avda.;La Reina
43;43;1588 Nascetur C/;La Reina
44;44;6464 A, C/;La Reina
45;45;739-4864 Hymenaeos. Carretera;La Reina
46;46;Apartado núm.: 797, 4897 Neque. Carretera;La Reina
47;47;Apartado núm.: 760, 1190 Integer Avda.;La Reina
48;48;160-2790 Lobortis C/;PTE Alto
49;49;1771 Eu Calle;PTE Alto
50;50;8852 Eu Ctra.;PTE Alto
51;51;321-7569 Id, Carretera;PTE Alto
52;52;Apartado núm.: 652, 4497 Fringilla Avda.;PTE Alto
53;53;Apdo.:471-4741 Iaculis Ctra.;PTE Alto
54;54;Apdo.:777-655 Libero Av.;PTE Alto
55;55;2887 Nec, Ctra.;PTE Alto
56;56;Apartado núm.: 737, 3867 A C.;PTE Alto
57;57;Apdo.:836-1284 Diam. Avda.;PTE Alto
58;58;Apartado núm.: 850, 9980 Est. ;PTE Alto
59;59;Apartado núm.: 436, 4229 In Av.;PTE Alto
60;60;749 Scelerisque C.;Colina
61;61;1479 Ligula. Calle;Colina
62;62;Apartado núm.: 407, 1006 Lectus Ctra.;Colina
63;63;Apdo.:504-6147 Curabitur Avenida;Colina
64;64;819-697 Elit. Carretera;Colina
65;65;9425 Cras Ctra.;Huechuraba
66;66;Apdo.:538-8969 Sit Av.;Huechuraba
67;67;3346 A, C/;Huechuraba
68;68;Apdo.:910-4131 Interdum. ;Huechuraba
69;69;362-1085 Dis C.;Huechuraba
70;70;Apartado núm.: 882, 5008 Mauris Avenida;Huechuraba
71;71;Apartado núm.: 989, 1045 Risus. C.;Colina
72;72;177-2786 Mauris, Ctra.;Colina
73;73;Apartado núm.: 715, 7359 Penatibus Avenida;Colina
74;74;Apdo.:930-1537 Facilisis, Calle;Colina
75;75;994-7676 Vivamus Carretera;Maipu
76;76;Apdo.:403-2632 Habitant Ctra.;Maipu
77;77;451 Facilisis ;Maipu
78;78;Apartado núm.: 712, 6203 Ultrices Av.;Maipu
79;79;715-1782 Commodo C.;Maipu
80;80;951-8345 At, Avda.;Maipu
81;81;Apdo.:117-3323 Nibh Avda.;Maipu
82;82;Apartado núm.: 957, 5097 Vehicula. Avda.;Maipu
83;83;Apartado núm.: 593, 8980 Aliquam Avda.;Maipu
84;84;Apartado núm.: 748, 1218 Vivamus Av.;Maipu
85;85;172 Neque. Calle;Maipu
86;86;Apartado núm.: 874, 7300 Proin ;PA Cerda
87;87;Apdo.:965-2189 Ac C.;PA Cerda
88;88;5560 Vivamus ;PA Cerda
89;89;Apdo.:188-2328 Aenean Carretera;PA Cerda
90;90;4549 Et Calle;PA Cerda
91;91;776 Enim Av.;PA Cerda
92;92;Apartado núm.: 399, 2968 Donec Carretera;PA Cerda
93;93;Apartado núm.: 332, 7987 Facilisis, ;PA Cerda
94;94;Apartado núm.: 984, 4109 Tempor, Avenida;PA Cerda
95;95;737-2393 Sed, Carretera;Renca
96;96;952-5244 Ultricies Ctra.;Renca
97;97;Apartado núm.: 912, 9588 Erat Calle;Renca
98;98;1553 Natoque C/;Renca
99;99;Apdo.:373-5264 Scelerisque Carretera;Renca
100;100;Apdo.:951-7565 Ipsum ;Renca
